[  
   {  
      "answer": 1,
      "options":[  
         "Fasal Bikau Mehngaai",
         "Padgi Chor Mehngaai",
         "Aankhfod Mehngaai",
         "Kamartod Mehngai"
      ],
      "question":"Which of these Hindi phrases is used to denote high inflation?"
   },
   {  
      "answer": 1,
      "options":[  
         "Gali",
         "Dil",
         "Kholi",
         "Baju"
      ],
      "question":"Complete the title of this film starring Anil Kapoor and Kajol, 'Hum Aapke _____ Mein Rehte Hain'"
   },
   {  
      "answer": 1,
      "options":[  
         "Heron",
         "Parrot",
         "Crow",
         "Pigeon"
      ],
      "question":"Which one of these four birds has the longest beak and feet?"
   },
   {  
      "answer": 1,
      "options":[  
         "breadth-length",
         "length * breadth * height",
         "length * breadth",
         "breadth/length"
      ],
      "question":"Which of these formulae is used to calculate the area of a rectangular agriculture field?"
   },
   {  
      "answer": 1,
      "options":[  
         "Baisakhi",
         "Makar Sankanti",
         "Naag Panchami",
         "Ganesh Chaturthi"
      ],
      "question":"Which one of these festivals is celebrated during winter in India?"
   },
   {  
      "answer": 1,
      "options":[  
         "Keechad Uchaalna",
         "Paani Daalna",
         "Mitti Khodna",
         "Rang LagaanaChest"
      ],
      "question":"which of these Hindi idioms means to defame someone ?"
   },
   {  
      "answer": 1,
      "options":[  
         "Arm",
         "Head",
         "Waist",
         "Trilok"
      ],
      "question":"The traditional attire 'pheta' is worn on which part of the body ?"
   },
   {  
      "answer": 1,
      "options":[  
         "Tridev",
         "Triguni",
         "Trimurti",
         "Squash"
      ],
      "question":"Which of the following was once a lifeline on the TV show 'Kaun Banega Crorepati'?"
   },
   {  
      "answer": 1,
      "options":[  
         "Lawn Tennis",
         "Badminton",
         "Table Tennis",
         "9.11PM"
      ],
      "question":"what time corresponds to 23:23 hours ?"
   },
   {  
      "answer": 1,
      "options":[  
         "11:23PM",
         "11.11PM",
         "7:23PM",
         "Amar Akbar Anthony"
      ],
      "question":"The south-eastern coast of India is popularly called what ?"
   },
   {  
      "answer": 1,
      "options":[  
         "Muqaddar Ka Sikandar",
         "O Saathi Re",
         "Dekha Ek Khwab",
         "Coromandel"
      ],
      "question":"Which of these chief ministers has the middle name of Gangadharrao ?"
   },
   {  
      "answer": 1,
      "options":[  
         "Konkan",
         "Malabar",
         "Porbandar",
         "Devendra Fadnavis"
      ],
      "question":"Which of these diseases is caused by bacteria, not viruses ?Which of these is produced in plants of Narora, Lakrapar and Tarapur ?"
   },
   {  
      "answer": 1,
      "options":[  
         "Manohar Parrikar",
         "Siddaramaiah",
         "Vijay Rupani",
         "Mumps"
      ],
      "question":"Which of these naval exercises is conducted jointly by India and Singapore?"
   },
   {  
      "answer": 1,
      "options":[  
         "kbc",
         "Shakuntala devi",
         "saral",
         "galelio"
      ],
      "question":"which repo are you coding in "
   },
   {  
      "answer": 1,
      "options":[  
         "Typhoid",
         "Dengue",
         "Chikungunya",
         "Rail Coaches"
      ],
      "question":"Who did Dennis Lillee once reject as a fast bowler, and about whom he later jokingly said, 'I think I did him and game of cricket a favour' ?"
   }
]